{
 "_type": "album",
 "api_path": "/albums/17098",
 "cover_art_thumbnail_url": "https://images.genius.com/70eecc39bc339c7e81cce3f1de2466db.300x300x1.jpg",
 "cover_art_url": "https://images.genius.com/70eecc39bc339c7e81cce3f1de2466db.1000x1000x1.jpg",
 "full_title": "Bleach by Nirvana",
 "id": 17098,
 "name": "Bleach",
 "name_with_artist": "Bleach (artist: Nirvana)",
 "release_date_components": {
  "year": 1989,
  "month": 6,
  "day": 15
 },
 "release_date_for_display": "June 15, 1989",
 "url": "https://genius.com/albums/Nirvana/Bleach",
 "artist": {
  "_type": "artist",
  "api_path": "/artists/12712",
  "header_image_url": "https://images.genius.com/21582890ee8ccaf088aeff7aeb1d9d78.728x455x1.jpg",
  "id": 12712,
  "image_url": "https://images.genius.com/19be845aaf0127cef4c745bb333b3516.600x600x1.jpg",
  "index_character": "n",
  "is_meme_verified": false,
  "is_verified": false,
  "name": "Nirvana",
  "slug": "Nirvana",
  "url": "https://genius.com/artists/Nirvana"
 },
 "tracks": [
  {
   "number": 1,
   "song": {
    "_type": "song",
    "annotation_count": 4,
    "api_path": "/songs/120580",
    "artist_names": "Nirvana",
    "full_title": "Blew by\u00a0Nirvana",
    "header_image_thumbnail_url": "https://images.genius.com/7ce91b151b152903fce32da998791764.300x300x1.jpg",
    "header_image_url": "https://images.genius.com/7ce91b151b152903fce32da998791764.470x470x1.jpg",
    "id": 120580,
    "instrumental": false,
    "language": "en",
    "lyrics_owner_id": 10380,
    "lyrics_state": "complete",
    "lyrics_updated_at": 1685053979,
    "path": "/Nirvana-blew-lyrics",
    "pyongs_count": 14,
    "relationships_index_url": "https://genius.com/Nirvana-blew-sample",
    "release_date_components": {
     "year": 1989,
     "month": 6,
     "day": 15
    },
    "release_date_for_display": "June 15, 1989",
    "release_date_with_abbreviated_month_for_display": "Jun. 15, 1989",
    "song_art_image_thumbnail_url": "https://images.genius.com/a3a092d45a32d36fb38ca0c2743b0483.300x300x1.jpg",
    "song_art_image_url": "https://images.genius.com/a3a092d45a32d36fb38ca0c2743b0483.600x600x1.jpg",
    "stats": {
     "unreviewed_annotations": 2,
     "hot": false,
     "pageviews": 139200
    },
    "title": "Blew",
    "title_with_featured": "Blew",
    "updated_by_human_at": 1685053979,
    "url": "https://genius.com/Nirvana-blew-lyrics",
    "featured_artists": [],
    "primary_artist": {
     "_type": "artist",
     "api_path": "/artists/12712",
     "header_image_url": "https://images.genius.com/21582890ee8ccaf088aeff7aeb1d9d78.728x455x1.jpg",
     "id": 12712,
     "image_url": "https://images.genius.com/19be845aaf0127cef4c745bb333b3516.600x600x1.jpg",
     "index_character": "n",
     "is_meme_verified": false,
     "is_verified": false,
     "name": "Nirvana",
     "slug": "Nirvana",
     "url": "https://genius.com/artists/Nirvana"
    },
    "artist": "Nirvana",
    "lyrics": "61 ContributorsTranslations\u0420\u0443\u0441\u0441\u043a\u0438\u0439Blew Lyrics[Verse 1]\nAnd if you wouldn't mind I would like to blew\nAnd if you wouldn't mind I would like to lose\nAnd if you wouldn't care I would like to leave\nAnd if you wouldn't mind I would like to breathe\n\n[Chorus]\nIs there another reason for your stain?\nCould you believe who we knew stress or strain?\nHere is another word that rhymes with shame\n\n[Verse 2]\nAnd if you wouldn't mind I would like to blew\nAnd if you wouldn't mind I would like to lose\nAnd if you wouldn't care I would like to leave\nAnd if you wouldn't mind I would like to breathe\n\n[Chorus]\nIs there another reason for your stain?\nCould you believe who we knew stress or strain?\nHere is another word that rhymes with shame\nYeah\n\n[Guitar Solo]\n\n[Chorus]\nIs there another reason for your stain?\nCould you believe who we knew stress or strain?\nHere is another word that rhymes with shame\nYeah\nYou might also like[Outro]\nYou could do anything\nYou could do anything\nYou could do anything\nYou could do anything\nYou could do anything\nYou could do anything\nYou could do anything\nYou could do anything14Embed"
   }
  },
  {
   "number": 2,
   "song": {
    "_type": "song",
    "annotation_count": 9,
    "api_path": "/songs/120582",
    "artist_names": "Nirvana",
    "full_title": "Floyd the Barber by\u00a0Nirvana",
    "header_image_thumbnail_url": "https://images.genius.com/7ce91b151b152903fce32da998791764.300x300x1.jpg",
    "header_image_url": "https://images.genius.com/7ce91b151b152903fce32da998791764.470x470x1.jpg",
    "id": 120582,
    "instrumental": false,
    "language": "en",
    "lyrics_owner_id": 10380,
    "lyrics_state": "complete",
    "lyrics_updated_at": 1684746577,
    "path": "/Nirvana-floyd-the-barber-lyrics",
    "pyongs_count": 15,
    "relationships_index_url": "https://genius.com/Nirvana-floyd-the-barber-sample",
    "release_date_components": {
     "year": 1989,
     "month": 6,
     "day": 15
    },
    "release_date_for_display": "June 15, 1989",
    "release_date_with_abbreviated_month_for_display": "Jun. 15, 1989",
    "song_art_image_thumbnail_url": "https://images.genius.com/7ce91b151b152903fce32da998791764.300x300x1.jpg",
    "song_art_image_url": "https://images.genius.com/7ce91b151b152903fce32da998791764.470x470x1.jpg",
    "stats": {
     "unreviewed_annotations": 3,
     "hot": false,
     "pageviews": 128543
    },
    "title": "Floyd the Barber",
    "title_with_featured": "Floyd the Barber",
    "updated_by_human_at": 1684746577,
    "url": "https://genius.com/Nirvana-floyd-the-barber-lyrics",
    "featured_artists": [],
    "primary_artist": {
     "_type": "artist",
     "api_path": "/artists/12712",
     "header_image_url": "https://images.genius.com/21582890ee8ccaf088aeff7aeb1d9d78.728x455x1.jpg",
     "id": 12712,
     "image_url": "https://images.genius.com/19be845aaf0127cef4c745bb333b3516.600x600x1.jpg",
     "index_character": "n",
     "is_meme_verified": false,
     "is_verified": false,
     "name": "Nirvana",
     "slug": "Nirvana",
     "url": "https://genius.com/artists/Nirvana"
    },
    "artist": "Nirvana",
    "lyrics": "55 ContributorsFloyd the Barber Lyrics[Verse 1]\nBell on door clangs, come on in\nFloyd observes my hairy chin\nSit down chair, don't be afraid\nSteamed hot towel on my face\n\n[Chorus]\nI was shaved\nI was shaved\nI was shaved\n\n[Verse 2]\nBarney ties me to the chair\nI can't see, I'm really scared\nFloyd breathes hard, I hear a zip\nPee-pee pressed against my lips\n\n[Chorus]\nI was shamed\nI was shamed\nI was shamed\n\n[Guitar Solo]\n\n[Verse 3]\nI sense others in the room\nOpie, Aunt Bee, I presume\nThey take turns and cut me up\nI die smothered in Aunt Bee's muff\nYou might also like[Chorus]\nI was shamed\nI was shamed\nI was shamed15Embed"
   }
  },
  {
   "number": 3,
   "song": {
    "_type": "song",
    "annotation_count": 7,
    "api_path": "/songs/74429",
    "artist_names": "Nirvana",
    "full_title": "About a Girl by\u00a0Nirvana",
    "header_image_thumbnail_url": "https://images.genius.com/7ce91b151b152903fce32da998791764.300x300x1.jpg",
    "header_image_url": "https://images.genius.com/7ce91b151b152903fce32da998791764.470x470x1.jpg",
    "id": 74429,
    "instrumental": false,
    "language": "en",
    "lyrics_owner_id": 104575,
    "lyrics_state": "complete",
    "lyrics_updated_at": 1681487824,
    "path": "/Nirvana-about-a-girl-lyrics",
    "pyongs_count": 61,
    "relationships_index_url": "https://genius.com/Nirvana-about-a-girl-sample",
    "release_date_components": {
     "year": 1989,
     "month": 6,
     "day": 15
    },
    "release_date_for_display": "June 15, 1989",
    "release_date_with_abbreviated_month_for_display": "Jun. 15, 1989",
    "song_art_image_thumbnail_url": "https://images.genius.com/7ce91b151b152903fce32da998791764.300x300x1.jpg",
    "song_art_image_url": "https://images.genius.com/7ce91b151b152903fce32da998791764.470x470x1.jpg",
    "stats": {
     "unreviewed_annotations": 3,
     "concurrents": 2,
     "hot": false,
     "pageviews": 421431
    },
    "title": "About a Girl",
    "title_with_featured": "About a Girl",
    "updated_by_human_at": 1681487824,
    "url": "https://genius.com/Nirvana-about-a-girl-lyrics",
    "featured_artists": [],
    "primary_artist": {
     "_type": "artist",
     "api_path": "/artists/12712",
     "header_image_url": "https://images.genius.com/21582890ee8ccaf088aeff7aeb1d9d78.728x455x1.jpg",
     "id": 12712,
     "image_url": "https://images.genius.com/19be845aaf0127cef4c745bb333b3516.600x600x1.jpg",
     "index_character": "n",
     "is_meme_verified": false,
     "is_verified": false,
     "name": "Nirvana",
     "slug": "Nirvana",
     "url": "https://genius.com/artists/Nirvana"
    },
    "artist": "Nirvana",
    "lyrics": "67 ContributorsAbout a Girl Lyrics[Spoken Intro]\n\n[Verse 1]\nI need an easy friend\nI do, with an ear to lend\nI do think you fit this shoe\nI do, but you have a clue\n\n[Chorus]\nI'll take advantage while\nYou hang me out to dry\nBut I can't see you every night\nFree (I do)\n\n[Verse 2]\nI'm standing in your line\nI do hope you have the time\nI do pick a number too\nI do keep a date with you\n\n[Chorus]\nI'll take advantage while\nYou hang me out to dry\nBut I can't see you every night\nFree\nYou might also like[Guitar Solo]\n\n[Verse 3]\nI need an easy friend\nI do, with an ear to lend\nI do think you fit this shoe\nI do, but you have a clue\n\n[Chorus]\nI'll take advantage while\nYou hang me out to dry\nBut I can't see you every night\nNo, I can't see you every night\nFree\n\n[Outro]\nI do\nI do\nI do\nI do61Embed"
   }
  },
  {
   "number": 4,
   "song": {
    "_type": "song",
    "annotation_count": 3,
    "api_path": "/songs/105024",
    "artist_names": "Nirvana",
    "full_title": "School by\u00a0Nirvana",
    "header_image_thumbnail_url": "https://images.genius.com/7ce91b151b152903fce32da998791764.300x300x1.jpg",
    "header_image_url": "https://images.genius.com/7ce91b151b152903fce32da998791764.470x470x1.jpg",
    "id": 105024,
    "instrumental": false,
    "language": "en",
    "lyrics_owner_id": 350375,
    "lyrics_state": "complete",
    "lyrics_updated_at": 1650078985,
    "path": "/Nirvana-school-lyrics",
    "pyongs_count": 16,
    "relationships_index_url": "https://genius.com/Nirvana-school-sample",
    "release_date_components": {
     "year": 1989,
     "month": 6,
     "day": 15
    },
    "release_date_for_display": "June 15, 1989",
    "release_date_with_abbreviated_month_for_display": "Jun. 15, 1989",
    "song_art_image_thumbnail_url": "https://images.genius.com/7ce91b151b152903fce32da998791764.300x300x1.jpg",
    "song_art_image_url": "https://images.genius.com/7ce91b151b152903fce32da998791764.470x470x1.jpg",
    "stats": {
     "unreviewed_annotations": 1,
     "hot": false,
     "pageviews": 121354
    },
    "title": "School",
    "title_with_featured": "School",
    "updated_by_human_at": 1657042928,
    "url": "https://genius.com/Nirvana-school-lyrics",
    "featured_artists": [],
    "primary_artist": {
     "_type": "artist",
     "api_path": "/artists/12712",
     "header_image_url": "https://images.genius.com/21582890ee8ccaf088aeff7aeb1d9d78.728x455x1.jpg",
     "id": 12712,
     "image_url": "https://images.genius.com/19be845aaf0127cef4c745bb333b3516.600x600x1.jpg",
     "index_character": "n",
     "is_meme_verified": false,
     "is_verified": false,
     "name": "Nirvana",
     "slug": "Nirvana",
     "url": "https://genius.com/artists/Nirvana"
    },
    "artist": "Nirvana",
    "lyrics": "37 ContributorsSchool Lyrics[Verse]\nWon't you believe it? It's just my luck\nWon't you believe it? It's just my luck\nWon't you believe it? It's just my luck\nWon't you believe it? It's just my luck\n\n[Chorus]\nNo recess\nNo recess\nNo recess\n\n[Verse]\nWon't you believe it? It's just my luck\nWon't you believe it? It's just my luck\nWon't you believe it? It's just my luck\nWon't you believe it? It's just my luck\n\n[Chorus]\nNo recess\nNo recess\nNo recess\n\n[Guitar Solo]\n\n[Bridge]\nYou're in high school again\nYou're in high school again\nYou're in high school again\nYou're in high school again\nYou're in high school again\nYou're in high school again\nYou're in high school again\nYou're in high school again\nYou might also like[Chorus]\nNo recess\nNo recess\nNo recess\nNo recess\nNo recess\nNo recess\nNo recess16Embed"
   }
  },
  {
   "number": 5,
   "song": {
    "_type": "song",
    "annotation_count": 2,
    "api_path": "/songs/120583",
    "artist_names": "Nirvana",
    "full_title": "Love Buzz by\u00a0Nirvana",
    "header_image_thumbnail_url": "https://images.genius.com/7ce91b151b152903fce32da998791764.300x300x1.jpg",
    "header_image_url": "https://images.genius.com/7ce91b151b152903fce32da998791764.470x470x1.jpg",
    "id": 120583,
    "instrumental": false,
    "language": "en",
    "lyrics_owner_id": 201370,
    "lyrics_state": "complete",
    "lyrics_updated_at": 1685741158,
    "path": "/Nirvana-love-buzz-lyrics",
    "pyongs_count": 19,
    "relationships_index_url": "https://genius.com/Nirvana-love-buzz-sample",
    "release_date_components": {
     "year": 1988,
     "month": 11,
     "day": null
    },
    "release_date_for_display": "November 1988",
    "release_date_with_abbreviated_month_for_display": "Nov. 1988",
    "song_art_image_thumbnail_url": "https://images.genius.com/7b28e54dc5ba392c46b4a39e3c5e4af2.300x299x1.jpg",
    "song_art_image_url": "https://images.genius.com/7b28e54dc5ba392c46b4a39e3c5e4af2.450x448x1.jpg",
    "stats": {
     "unreviewed_annotations": 0,
     "hot": false,
     "pageviews": 101729
    },
    "title": "Love Buzz",
    "title_with_featured": "Love Buzz",
    "updated_by_human_at": 1685741158,
    "url": "https://genius.com/Nirvana-love-buzz-lyrics",
    "featured_artists": [],
    "primary_artist": {
     "_type": "artist",
     "api_path": "/artists/12712",
     "header_image_url": "https://images.genius.com/21582890ee8ccaf088aeff7aeb1d9d78.728x455x1.jpg",
     "id": 12712,
     "image_url": "https://images.genius.com/19be845aaf0127cef4c745bb333b3516.600x600x1.jpg",
     "index_character": "n",
     "is_meme_verified": false,
     "is_verified": false,
     "name": "Nirvana",
     "slug": "Nirvana",
     "url": "https://genius.com/artists/Nirvana"
    },
    "artist": "Nirvana",
    "lyrics": "37 ContributorsTranslations\u0420\u0443\u0441\u0441\u043a\u0438\u0439Love Buzz Lyrics[Guitar Solo Intro]\n\n[Verse]\nWould you believe me when I tell you\nYou're the queen of my heart?\nPlease don't deceive me when I hurt you\nJust ain't the way it seems\n\n[Chorus]\nCan you feel my love buzz?\nCan you feel my love buzz?\nCan you feel my love buzz?\nCan you feel my love buzz?\n\n[Guitar Solo 1]\n\n[Verse]\nWould you believe me when I tell you\nYou're the queen of my heart?\nPlease don't deceive me when I hurt you\nJust ain't the way it seems\n\n[Chorus]\nCan you feel my love buzz?\nCan you feel my love buzz?\nCan you feel my love buzz?\nCan you feel my love buzz?\nYou might also like[Guitar Solo 2]\nSee\nI am sad\nBaby\nBaby\nHurt you\nBaby19Embed"
   }
  },
  {
   "number": 6,
   "song": {
    "_type": "song",
    "annotation_count": 7,
    "api_path": "/songs/189400",
    "artist_names": "Nirvana",
    "full_title": "Paper Cuts by\u00a0Nirvana",
    "header_image_thumbnail_url": "https://images.genius.com/7ce91b151b152903fce32da998791764.300x300x1.jpg",
    "header_image_url": "https://images.genius.com/7ce91b151b152903fce32da998791764.470x470x1.jpg",
    "id": 189400,
    "instrumental": false,
    "language": "en",
    "lyrics_owner_id": 253354,
    "lyrics_state": "complete",
    "lyrics_updated_at": 1657377866,
    "path": "/Nirvana-paper-cuts-lyrics",
    "pyongs_count": 13,
    "relationships_index_url": "https://genius.com/Nirvana-paper-cuts-sample",
    "release_date_components": {
     "year": 1989,
     "month": 6,
     "day": 15
    },
    "release_date_for_display": "June 15, 1989",
    "release_date_with_abbreviated_month_for_display": "Jun. 15, 1989",
    "song_art_image_thumbnail_url": "https://images.genius.com/7ce91b151b152903fce32da998791764.300x300x1.jpg",
    "song_art_image_url": "https://images.genius.com/7ce91b151b152903fce32da998791764.470x470x1.jpg",
    "stats": {
     "unreviewed_annotations": 3,
     "hot": false,
     "pageviews": 84777
    },
    "title": "Paper Cuts",
    "title_with_featured": "Paper Cuts",
    "updated_by_human_at": 1657377866,
    "url": "https://genius.com/Nirvana-paper-cuts-lyrics",
    "featured_artists": [],
    "primary_artist": {
     "_type": "artist",
     "api_path": "/artists/12712",
     "header_image_url": "https://images.genius.com/21582890ee8ccaf088aeff7aeb1d9d78.728x455x1.jpg",
     "id": 12712,
     "image_url": "https://images.genius.com/19be845aaf0127cef4c745bb333b3516.600x600x1.jpg",
     "index_character": "n",
     "is_meme_verified": false,
     "is_verified": false,
     "name": "Nirvana",
     "slug": "Nirvana",
     "url": "https://genius.com/artists/Nirvana"
    },
    "artist": "Nirvana",
    "lyrics": "42 ContributorsPaper Cuts Lyrics[Verse 1]\nAt my feeding time\nShe'd push food through the door\nI crawl towards the cracks of light\nSometimes I can't find my way\nNewspapers spread around\nSoaking all that they can\nA cleaning is due again\nA good hosing down\n\n[Pre-Chorus]\nThe lady whom I feel maternal love for\nCannot look me in the eyes\nBut I see hers and they are blue\nAnd they cock and twitch and masturbate\n\n[Chorus]\nWhy?\nI said so\nI said so\nI said so\n\n[Post-Chorus]\nNirvana\nNirvana\nNirvana\nNirvana\nNirvana\nYou might also like[Verse 2]\nBlack windows of paint\nI scratch with my nails\nI see others just like me\nWhy do they not try to escape?\nThey bring out the older ones\nThey point at my way\nThey come with their flashing lights\nAnd take my family away\n\n[Pre-Chorus]\nAnd very later I have learned to\nAccept some friends of ridicule\nMy whole existence is for your amusement\nAnd that is why I'm here with you\n\n[Chorus]\nTo take\nMe with\nYour life\n\n[Post-Chorus]\nNirvana\nNirvana\nNirvana\nNirvana\nNirvana\nNirvana\nNirvana\nNirvana13Embed"
   }
  },
  {
   "number": 7,
   "song": {
    "_type": "song",
    "annotation_count": 4,
    "api_path": "/songs/120585",
    "artist_names": "Nirvana",
    "full_title": "Negative Creep by\u00a0Nirvana",
    "header_image_thumbnail_url": "https://images.genius.com/7ce91b151b152903fce32da998791764.300x300x1.jpg",
    "header_image_url": "https://images.genius.com/7ce91b151b152903fce32da998791764.470x470x1.jpg",
    "id": 120585,
    "instrumental": false,
    "language": "en",
    "lyrics_owner_id": 3307253,
    "lyrics_state": "complete",
    "lyrics_updated_at": 1683422927,
    "path": "/Nirvana-negative-creep-lyrics",
    "pyongs_count": 13,
    "relationships_index_url": "https://genius.com/Nirvana-negative-creep-sample",
    "release_date_components": {
     "year": 1989,
     "month": 6,
     "day": 15
    },
    "release_date_for_display": "June 15, 1989",
    "release_date_with_abbreviated_month_for_display": "Jun. 15, 1989",
    "song_art_image_thumbnail_url": "https://images.genius.com/7ce91b151b152903fce32da998791764.300x300x1.jpg",
    "song_art_image_url": "https://images.genius.com/7ce91b151b152903fce32da998791764.470x470x1.jpg",
    "stats": {
     "unreviewed_annotations": 2,
     "hot": false,
     "pageviews": 97254
    },
    "title": "Negative Creep",
    "title_with_featured": "Negative Creep",
    "updated_by_human_at": 1683422927,
    "url": "https://genius.com/Nirvana-negative-creep-lyrics",
    "featured_artists": [],
    "primary_artist": {
     "_type": "artist",
     "api_path": "/artists/12712",
     "header_image_url": "https://images.genius.com/21582890ee8ccaf088aeff7aeb1d9d78.728x455x1.jpg",
     "id": 12712,
     "image_url": "https://images.genius.com/19be845aaf0127cef4c745bb333b3516.600x600x1.jpg",
     "index_character": "n",
     "is_meme_verified": false,
     "is_verified": false,
     "name": "Nirvana",
     "slug": "Nirvana",
     "url": "https://genius.com/artists/Nirvana"
    },
    "artist": "Nirvana",
    "lyrics": "48 ContributorsNegative Creep Lyrics[Verse 1]\nThis is out of our reach\nThis is out of our reach\nThis is out of our reach and it's grown\nThis is getting to be\nThis is getting to be\nThis is getting to be drone\n\n[Pre-Chorus]\nI'm a negative creep\nI'm a negative creep\nI'm a negative creep and I'm stoned\nI'm a negative creep\nI'm a negative creep\nI'm a negative creep and I'm...\nI'm...\n\n[Chorus]\nDaddy's little girl ain't a girl no more\nDaddy's little girl ain't a girl no more\nDaddy's little girl ain't a girl no more\nDaddy's little girl ain't a girl no more\nDaddy's little girl ain't a girl no more\nDaddy's little girl ain't a girl no more\n\n[Verse 2]\nThis is out of our range\nThis is out of our range\nThis is out of our range and it's crude\nThis is getting to be\nThis is getting to be\nThis is getting to be like drone\nYou might also like[Pre-Chorus]\nI'm a negative creep\nI'm a negative creep\nI'm a negative creep and I'm stoned!\nI'm a negative creep\nI'm a negative creep\nI'm a negative creep and I'm!\nAah!\n\n[Chorus]\nDaddy's little girl ain't a girl no more\nDaddy's little girl ain't a girl no more\nDaddy's little girl ain't a girl no more\nDaddy's little girl ain't a girl no more\nDaddy's little girl ain't a girl no more\nDaddy's little girl ain't a girl no more!\n\n[Bridge]\nYeah!\nDrone\nStoned\n\n[Chorus]\nDaddy's little girl ain't a girl no more\nDaddy's little girl ain't a girl no more\nDaddy's little girl ain't a girl no more\nDaddy's little girl ain't a girl no more\nDaddy's little girl ain't a girl no more\nDaddy's little girl ain't a girl no more\nDaddy's little girl ain't a girl no more\nDaddy's little girl ain't a girl no more\nDaddy's little girl ain't a girl no more\nDaddy's little girl ain't a girl no more\nDaddy's little girl ain't a girl no more\nDaddy's little girl ain't a girl no more\nDaddy's little girl ain't a girl no more\nDaddy's little girl ain't a girl no more13Embed"
   }
  },
  {
   "number": 8,
   "song": {
    "_type": "song",
    "annotation_count": 8,
    "api_path": "/songs/120589",
    "artist_names": "Nirvana",
    "full_title": "Scoff by\u00a0Nirvana",
    "header_image_thumbnail_url": "https://images.genius.com/7ce91b151b152903fce32da998791764.300x300x1.jpg",
    "header_image_url": "https://images.genius.com/7ce91b151b152903fce32da998791764.470x470x1.jpg",
    "id": 120589,
    "instrumental": false,
    "language": "en",
    "lyrics_owner_id": 239437,
    "lyrics_state": "complete",
    "lyrics_updated_at": 1677800139,
    "path": "/Nirvana-scoff-lyrics",
    "pyongs_count": 11,
    "relationships_index_url": "https://genius.com/Nirvana-scoff-sample",
    "release_date_components": {
     "year": 1989,
     "month": 6,
     "day": 15
    },
    "release_date_for_display": "June 15, 1989",
    "release_date_with_abbreviated_month_for_display": "Jun. 15, 1989",
    "song_art_image_thumbnail_url": "https://images.genius.com/7ce91b151b152903fce32da998791764.300x300x1.jpg",
    "song_art_image_url": "https://images.genius.com/7ce91b151b152903fce32da998791764.470x470x1.jpg",
    "stats": {
     "unreviewed_annotations": 5,
     "hot": false,
     "pageviews": 56319
    },
    "title": "Scoff",
    "title_with_featured": "Scoff",
    "updated_by_human_at": 1677800139,
    "url": "https://genius.com/Nirvana-scoff-lyrics",
    "featured_artists": [],
    "primary_artist": {
     "_type": "artist",
     "api_path": "/artists/12712",
     "header_image_url": "https://images.genius.com/21582890ee8ccaf088aeff7aeb1d9d78.728x455x1.jpg",
     "id": 12712,
     "image_url": "https://images.genius.com/19be845aaf0127cef4c745bb333b3516.600x600x1.jpg",
     "index_character": "n",
     "is_meme_verified": false,
     "is_verified": false,
     "name": "Nirvana",
     "slug": "Nirvana",
     "url": "https://genius.com/artists/Nirvana"
    },
    "artist": "Nirvana",
    "lyrics": "39 ContributorsScoff Lyrics[Verse]\nIn my eyes, I'm not lazy\nIn my face, it's not over\nIn your room, I'm not older\nIn your eyes, I'm not worth it\n\n[Pre-Chorus]\nGimme back my alcohol\nGimme back my alcohol\nGimme back my alcohol\nGimme back my alcohol\nGimme back my alcohol\nGimme back my alcohol\nGimme back my, gimme back my\nGimme back!\n\n[Chorus]\nHeal a million\nKill a million\nHeal a million\nKill a million\nHeal a million\nKill a million\n\n[Verse]\nIn my eyes, I'm not lazy\nIn my face, it's not over\nIn your room, I'm not older\nIn your eyes, I'm not worth it\nYou might also like[Pre-Chorus]\nGimme back my alcohol\nGimme back my alcohol\nGimme back my alcohol\nGimme back my alcohol\nGimme back my alcohol\nGimme back my alcohol\nGimme back my, gimme back my\nGimme back!\n\n[Chorus]\nHeal a million\nKill a million\nHeal a million\nKill a million\nHeal a million\nKill a million\nYeah!\n\n[Guitar Solo]\n\n[Verse]\nIn my eyes, I'm not lazy\nIn my face, it's not over\nIn your room, I'm not older\nIn your eyes, I'm not worth it\n[Pre-Chorus]\nGimme back my alcohol\nGimme back my alcohol\nGimme back my alcohol\nGimme back my alcohol\nGimme back my alcohol\nGimme back my alcohol\nGimme back my, gimme back my\nGimme back\n\n[Outro]\nKill a million\nKill a million\nKill a million\nKill a million\nKill a million\nKill a million\nAah!\nAah!11Embed"
   }
  },
  {
   "number": 9,
   "song": {
    "_type": "song",
    "annotation_count": 7,
    "api_path": "/songs/120590",
    "artist_names": "Nirvana",
    "full_title": "Swap Meet by\u00a0Nirvana",
    "header_image_thumbnail_url": "https://images.genius.com/7ce91b151b152903fce32da998791764.300x300x1.jpg",
    "header_image_url": "https://images.genius.com/7ce91b151b152903fce32da998791764.470x470x1.jpg",
    "id": 120590,
    "instrumental": false,
    "language": "en",
    "lyrics_owner_id": 239437,
    "lyrics_state": "complete",
    "lyrics_updated_at": 1677449296,
    "path": "/Nirvana-swap-meet-lyrics",
    "pyongs_count": 5,
    "relationships_index_url": "https://genius.com/Nirvana-swap-meet-sample",
    "release_date_components": {
     "year": 1989,
     "month": 6,
     "day": 15
    },
    "release_date_for_display": "June 15, 1989",
    "release_date_with_abbreviated_month_for_display": "Jun. 15, 1989",
    "song_art_image_thumbnail_url": "https://images.genius.com/7ce91b151b152903fce32da998791764.300x300x1.jpg",
    "song_art_image_url": "https://images.genius.com/7ce91b151b152903fce32da998791764.470x470x1.jpg",
    "stats": {
     "unreviewed_annotations": 6,
     "hot": false,
     "pageviews": 59876
    },
    "title": "Swap Meet",
    "title_with_featured": "Swap Meet",
    "updated_by_human_at": 1677449296,
    "url": "https://genius.com/Nirvana-swap-meet-lyrics",
    "featured_artists": [],
    "primary_artist": {
     "_type": "artist",
     "api_path": "/artists/12712",
     "header_image_url": "https://images.genius.com/21582890ee8ccaf088aeff7aeb1d9d78.728x455x1.jpg",
     "id": 12712,
     "image_url": "https://images.genius.com/19be845aaf0127cef4c745bb333b3516.600x600x1.jpg",
     "index_character": "n",
     "is_meme_verified": false,
     "is_verified": false,
     "name": "Nirvana",
     "slug": "Nirvana",
     "url": "https://genius.com/artists/Nirvana"
    },
    "artist": "Nirvana",
    "lyrics": "29 ContributorsSwap Meet Lyrics[Verse 1]\nThey live a lifestyle that is comfortable\nThey travel far to keep their stomachs full\nThey make a living off of arts and crafts\nThe kind with seashells, driftwood and burlap\nThey make a deal when they would come to town\nThe Sunday swap meet is a battleground\nShe loves him more than he will ever know\nHe loves her more than he will ever show\n\n[Chorus]\nKeeps his cigarettes close to his heart\nKeeps her photographs close to her heart\nKeeps the bitterness close to the heart\n\n[Verse 2]\nThey live a lifestyle that is comfortable\nThey travel far to keep their stomachs full\nThey make a living off of arts and crafts\nThe kind with seashells, driftwood and burlap\nThey make a deal when they would come to town\nThe Sunday swap meet is a battleground\nShe loves it more than she will ever know\nHe loves her more than he will ever show\n\n[Chorus]\nKeeps his cigarettes close to his heart\nKeeps her photographs close to her heart\nKeeps the bitterness close to the heart\nYou might also like[Guitar Solo]\n\n[Verse 3]\nThey live a lifestyle that is comfortable\nThey travel far to keep their stomachs full\nThey make a living off of arts and crafts\nThe kind with seashells, driftwood and burlap\nThey make a deal when they would come to town\nThe Sunday swap meet is a battleground\nShe loves it more than she will ever know\nHe loves her more than he will ever show\n\n[Chorus]\nKeeps his cigarettes close to his heart\nKeeps her photographs close to her heart\nKeeps the bitterness close to the heart5Embed"
   }
  },
  {
   "number": 10,
   "song": {
    "_type": "song",
    "annotation_count": 5,
    "api_path": "/songs/120591",
    "artist_names": "Nirvana",
    "full_title": "Mr. Moustache by\u00a0Nirvana",
    "header_image_thumbnail_url": "https://images.genius.com/7ce91b151b152903fce32da998791764.300x300x1.jpg",
    "header_image_url": "https://images.genius.com/7ce91b151b152903fce32da998791764.470x470x1.jpg",
    "id": 120591,
    "instrumental": false,
    "language": "en",
    "lyrics_owner_id": 10380,
    "lyrics_state": "complete",
    "lyrics_updated_at": 1684797841,
    "path": "/Nirvana-mr-moustache-lyrics",
    "pyongs_count": 11,
    "relationships_index_url": "https://genius.com/Nirvana-mr-moustache-sample",
    "release_date_components": {
     "year": 1989,
     "month": 6,
     "day": 15
    },
    "release_date_for_display": "June 15, 1989",
    "release_date_with_abbreviated_month_for_display": "Jun. 15, 1989",
    "song_art_image_thumbnail_url": "https://images.genius.com/7ce91b151b152903fce32da998791764.300x300x1.jpg",
    "song_art_image_url": "https://images.genius.com/7ce91b151b152903fce32da998791764.470x470x1.jpg",
    "stats": {
     "unreviewed_annotations": 4,
     "hot": false,
     "pageviews": 56607
    },
    "title": "Mr. Moustache",
    "title_with_featured": "Mr. Moustache",
    "updated_by_human_at": 1684797841,
    "url": "https://genius.com/Nirvana-mr-moustache-lyrics",
    "featured_artists": [],
    "primary_artist": {
     "_type": "artist",
     "api_path": "/artists/12712",
     "header_image_url": "https://images.genius.com/21582890ee8ccaf088aeff7aeb1d9d78.728x455x1.jpg",
     "id": 12712,
     "image_url": "https://images.genius.com/19be845aaf0127cef4c745bb333b3516.600x600x1.jpg",
     "index_character": "n",
     "is_meme_verified": false,
     "is_verified": false,
     "name": "Nirvana",
     "slug": "Nirvana",
     "url": "https://genius.com/artists/Nirvana"
    },
    "artist": "Nirvana",
    "lyrics": "40 ContributorsMr. Moustache Lyrics[Verse 1]\nFill me in on your new vision\nWake me up with indecision\nHelp me trust your mighty wisdom\nYes, I eat cow, I am not proud\n\n[Verse 2]\nShow me how you question questions\nLead the way to my temptations\nTake my hand and give it cleaning\nYes, I eat cow, I am not proud\n\n[Pre-Chorus]\nEasy in an easy chair\nPoop as hard as rock\nI don't like you anyways\nSeal it in a box\n\n[Chorus]\nI'm you\nI'm you\n\n[Verse 3]\nFill me in on your new vision\nWake me up with indecision\nHelp me trust your mighty wisdom\nYes, I eat cow, I am not proud\nYou might also like[Verse 4]\nShow me how you question questions\nLead the way to my temptation\nTake my hand and give it cleaning\nYes, I eat cow, I am not proud\n\n[Pre-Chorus]\nEasy in an easy chair\nPoop as hard as rock\nI don't like you anyways\nSeal it in a box\n\n[Chorus]\nI'm you\nI'm you\nI'm you\nI'm you, ah!\n\n[Guitar Solo Outro]11Embed"
   }
  },
  {
   "number": 11,
   "song": {
    "_type": "song",
    "annotation_count": 5,
    "api_path": "/songs/120592",
    "artist_names": "Nirvana",
    "full_title": "Sifting by\u00a0Nirvana",
    "header_image_thumbnail_url": "https://images.genius.com/7ce91b151b152903fce32da998791764.300x300x1.jpg",
    "header_image_url": "https://images.genius.com/7ce91b151b152903fce32da998791764.470x470x1.jpg",
    "id": 120592,
    "instrumental": false,
    "language": "en",
    "lyrics_owner_id": 10380,
    "lyrics_state": "complete",
    "lyrics_updated_at": 1681476778,
    "path": "/Nirvana-sifting-lyrics",
    "pyongs_count": 7,
    "relationships_index_url": "https://genius.com/Nirvana-sifting-sample",
    "release_date_components": {
     "year": 1989,
     "month": 6,
     "day": 15
    },
    "release_date_for_display": "June 15, 1989",
    "release_date_with_abbreviated_month_for_display": "Jun. 15, 1989",
    "song_art_image_thumbnail_url": "https://images.genius.com/7ce91b151b152903fce32da998791764.300x300x1.jpg",
    "song_art_image_url": "https://images.genius.com/7ce91b151b152903fce32da998791764.470x470x1.jpg",
    "stats": {
     "unreviewed_annotations": 2,
     "hot": false,
     "pageviews": 41123
    },
    "title": "Sifting",
    "title_with_featured": "Sifting",
    "updated_by_human_at": 1681476778,
    "url": "https://genius.com/Nirvana-sifting-lyrics",
    "featured_artists": [],
    "primary_artist": {
     "_type": "artist",
     "api_path": "/artists/12712",
     "header_image_url": "https://images.genius.com/21582890ee8ccaf088aeff7aeb1d9d78.728x455x1.jpg",
     "id": 12712,
     "image_url": "https://images.genius.com/19be845aaf0127cef4c745bb333b3516.600x600x1.jpg",
     "index_character": "n",
     "is_meme_verified": false,
     "is_verified": false,
     "name": "Nirvana",
     "slug": "Nirvana",
     "url": "https://genius.com/artists/Nirvana"
    },
    "artist": "Nirvana",
    "lyrics": "34 ContributorsSifting Lyrics[Verse 1]\nAfraid to grade\nWouldn't it be fun?\nCross, self-loss\nWouldn't it be fun?\nWet your bed\nWouldn't it be fun?\nSome fear none\nWouldn't it be fun?\n\n[Pre-Chorus]\nYour eyes\nTeacher said\nYour eyes\nTeacher said\nYour eyes\nTeacher said\nPreacher said\n\n[Chorus]\nDon't have nothing for you\nDon't have nothing for you\nDon't have nothing for you\nDon't have nothing for you\nDon't have nothing for you\nDon't have nothing for you\nDon't have nothing for you\nYou might also like[Verse 2]\nSpell the smell\nWouldn't it be fun?\nSearch for a church\nWouldn't it be fun?\nWet your bed\nWouldn't it be fun?\nCold and coals\nWouldn't it be fun?\n\n[Pre-Chorus]\nYour eyes\nTeacher said\nYour eyes\nTeacher said\nYour eyes\nPreacher said\nPreacher said\n\n[Chorus]\nDon't have nothing for you\nDon't have nothing for you\nDon't have nothing for you\nDon't have nothing for you\nDon't have nothing for you\nDon't have nothing for you\nDon't have nothing for you\n[Guitar Solo]\n\n[Chorus]\nDon't have nothing for you\nDon't have nothing for you\nDon't have nothing for you\nDon't have nothing for you\nDon't have nothing for you\nDon't have nothing for you\nDon't have nothing for you\nDon't have nothing for you\nDon't have nothing for you7Embed"
   }
  },
  {
   "number": 12,
   "song": {
    "_type": "song",
    "annotation_count": 2,
    "api_path": "/songs/120595",
    "artist_names": "Nirvana",
    "full_title": "Big Cheese by\u00a0Nirvana",
    "header_image_thumbnail_url": "https://images.genius.com/7ce91b151b152903fce32da998791764.300x300x1.jpg",
    "header_image_url": "https://images.genius.com/7ce91b151b152903fce32da998791764.470x470x1.jpg",
    "id": 120595,
    "instrumental": false,
    "language": "en",
    "lyrics_owner_id": 10380,
    "lyrics_state": "complete",
    "lyrics_updated_at": 1674014559,
    "path": "/Nirvana-big-cheese-lyrics",
    "pyongs_count": 4,
    "relationships_index_url": "https://genius.com/Nirvana-big-cheese-sample",
    "release_date_components": {
     "year": 1988,
     "month": 11,
     "day": 1
    },
    "release_date_for_display": "November 1, 1988",
    "release_date_with_abbreviated_month_for_display": "Nov. 1, 1988",
    "song_art_image_thumbnail_url": "https://images.genius.com/7ce91b151b152903fce32da998791764.300x300x1.jpg",
    "song_art_image_url": "https://images.genius.com/7ce91b151b152903fce32da998791764.470x470x1.jpg",
    "stats": {
     "unreviewed_annotations": 0,
     "hot": false,
     "pageviews": 65970
    },
    "title": "Big Cheese",
    "title_with_featured": "Big Cheese",
    "updated_by_human_at": 1674014559,
    "url": "https://genius.com/Nirvana-big-cheese-lyrics",
    "featured_artists": [],
    "primary_artist": {
     "_type": "artist",
     "api_path": "/artists/12712",
     "header_image_url": "https://images.genius.com/21582890ee8ccaf088aeff7aeb1d9d78.728x455x1.jpg",
     "id": 12712,
     "image_url": "https://images.genius.com/19be845aaf0127cef4c745bb333b3516.600x600x1.jpg",
     "index_character": "n",
     "is_meme_verified": false,
     "is_verified": false,
     "name": "Nirvana",
     "slug": "Nirvana",
     "url": "https://genius.com/artists/Nirvana"
    },
    "artist": "Nirvana",
    "lyrics": "31 ContributorsTranslations\u0420\u0443\u0441\u0441\u043a\u0438\u0439Big Cheese Lyrics[Verse 1]\nBig cheese, make me\nMine says, go to the office\nBig cheese, make me\nMine says, one that stays\n\n[Chorus]\nBlack is black, straight back\nNeed more enemies\nShow you all what a man is\n\n[Verse 2]\nBig lies make my\nMine says, go to the office\nBig cheese, make me\nMessage, what is it\n\n[Chorus]\nBlack is black, straight back\nNeed more enemies\nShe eats glue, how 'bout you?\n\n[Guitar Solo]\n\nWoo!\nYou might also like[Verse 3]\nBig cheese, make me\nMine says, go to the office\nBig cheese, make me\nMine says, one that stays\n\n[Chorus]\nBlack is black, straight back\nNeed more enemies\nShe eats glue, how 'bout you?\n\n[Guitar Solo]\n\n[Chorus]\nBlack is black, straight back\nNeed more enemies\nShow you all what a man is\nShe eats glue, how 'bout you?\nShow you all what a man is\n\n[Guitar Solo Outro]\n\nLies4Embed"
   }
  },
  {
   "number": 13,
   "song": {
    "_type": "song",
    "annotation_count": 7,
    "api_path": "/songs/440472",
    "artist_names": "Nirvana",
    "full_title": "Downer by\u00a0Nirvana",
    "header_image_thumbnail_url": "https://images.genius.com/7ce91b151b152903fce32da998791764.300x300x1.jpg",
    "header_image_url": "https://images.genius.com/7ce91b151b152903fce32da998791764.470x470x1.jpg",
    "id": 440472,
    "instrumental": false,
    "language": "en",
    "lyrics_owner_id": 899867,
    "lyrics_state": "complete",
    "lyrics_updated_at": 1686609802,
    "path": "/Nirvana-downer-lyrics",
    "pyongs_count": 12,
    "relationships_index_url": "https://genius.com/Nirvana-downer-sample",
    "release_date_components": {
     "year": 1989,
     "month": 6,
     "day": 15
    },
    "release_date_for_display": "June 15, 1989",
    "release_date_with_abbreviated_month_for_display": "Jun. 15, 1989",
    "song_art_image_thumbnail_url": "https://images.genius.com/7ce91b151b152903fce32da998791764.300x300x1.jpg",
    "song_art_image_url": "https://images.genius.com/7ce91b151b152903fce32da998791764.470x470x1.jpg",
    "stats": {
     "unreviewed_annotations": 4,
     "hot": false,
     "pageviews": 78659
    },
    "title": "Downer",
    "title_with_featured": "Downer",
    "updated_by_human_at": 1686609802,
    "url": "https://genius.com/Nirvana-downer-lyrics",
    "featured_artists": [],
    "primary_artist": {
     "_type": "artist",
     "api_path": "/artists/12712",
     "header_image_url": "https://images.genius.com/21582890ee8ccaf088aeff7aeb1d9d78.728x455x1.jpg",
     "id": 12712,
     "image_url": "https://images.genius.com/19be845aaf0127cef4c745bb333b3516.600x600x1.jpg",
     "index_character": "n",
     "is_meme_verified": false,
     "is_verified": false,
     "name": "Nirvana",
     "slug": "Nirvana",
     "url": "https://genius.com/artists/Nirvana"
    },
    "artist": "Nirvana",
    "lyrics": "52 ContributorsDowner Lyrics[Verse 1]\nPortray sincerity\nAct out of loyalty\nDefend your free country\nWish away, pain\nHand out lobotomies\nTo save little families\nSurrealistic fantasy\nBland, boring, plain!\n\n[Pre-Chorus]\nHoly now is restitution\nLiving out your date of fusion\nIs our whole fleece shun in bastard?\nDon't feel guilty, master writing\n\n[Chorus]\nSomebody said that they're not much like I am, I know I can\nMake enough of the words\nYou go along and I sing your song\n\n[Verse 2]\nSickening pessimist hypocrite master\nConservative Communist apocalyptic bastard\nThank you dear God for putting me on this Earth\nI feel very privileged in debt for my thirst!\nYou might also like[Pre-Chorus]\nHoly now is restitution\nLiving out your date of fusion\nIs our whole fleece shun in bastard?\nDon't feel guilty, master writing\n\n[Chorus]\nSomebody said that they're not much like I am, I know I can\nMake enough of the words\nYou go along and I sing your song\n\nDowner12Embed"
   }
  },
  {
   "number": null,
   "song": {
    "_type": "song",
    "annotation_count": 3,
    "api_path": "/songs/3045897",
    "artist_names": "Nirvana",
    "full_title": "Bleach [Liner Notes] by\u00a0Nirvana",
    "header_image_thumbnail_url": "https://images.genius.com/70eecc39bc339c7e81cce3f1de2466db.300x300x1.jpg",
    "header_image_url": "https://images.genius.com/70eecc39bc339c7e81cce3f1de2466db.1000x1000x1.jpg",
    "id": 3045897,
    "instrumental": false,
    "language": "en",
    "lyrics_owner_id": 1091826,
    "lyrics_state": "complete",
    "lyrics_updated_at": 1618996138,
    "path": "/Nirvana-bleach-liner-notes-annotated",
    "pyongs_count": null,
    "relationships_index_url": "https://genius.com/Nirvana-bleach-liner-notes-sample",
    "release_date_components": {
     "year": 1989,
     "month": 6,
     "day": 16
    },
    "release_date_for_display": "June 16, 1989",
    "release_date_with_abbreviated_month_for_display": "Jun. 16, 1989",
    "song_art_image_thumbnail_url": "https://images.genius.com/70eecc39bc339c7e81cce3f1de2466db.300x300x1.jpg",
    "song_art_image_url": "https://images.genius.com/70eecc39bc339c7e81cce3f1de2466db.1000x1000x1.jpg",
    "stats": {
     "unreviewed_annotations": 0,
     "hot": false,
     "pageviews": 9701
    },
    "title": "Bleach [Liner Notes]",
    "title_with_featured": "Bleach [Liner Notes]",
    "updated_by_human_at": 1618996138,
    "url": "https://genius.com/Nirvana-bleach-liner-notes-annotated",
    "featured_artists": [],
    "primary_artist": {
     "_type": "artist",
     "api_path": "/artists/12712",
     "header_image_url": "https://images.genius.com/21582890ee8ccaf088aeff7aeb1d9d78.728x455x1.jpg",
     "id": 12712,
     "image_url": "https://images.genius.com/19be845aaf0127cef4c745bb333b3516.600x600x1.jpg",
     "index_character": "n",
     "is_meme_verified": false,
     "is_verified": false,
     "name": "Nirvana",
     "slug": "Nirvana",
     "url": "https://genius.com/artists/Nirvana"
    },
    "artist": "Nirvana",
    "lyrics": "10 ContributorsBleach [Liner Notes] LyricsKurdt Kobain: vocals, guitar\nChris Novoselic: bass\nChad Channing: drums\nJason Everman: guitar\nDale Crover: Drums on Floyd The Barber;\nPaper Cuts, Downer\n\nRecorded in Seattle at Reciprocal\nRecording by Jack Endino for $600\n\nAll songs written by Kurdt Kobain, except\nLove Buzz, written by Robby Van Leeuwen\nAll Songs Published by Virgin Songs\nInc./The End Of Music. All Rights\nControlled and adm. by Virgin Songs, Inc.BMIEmbed"
   }
  }
 ]
}