{
 "_type": "album",
 "api_path": "/albums/12458",
 "cover_art_thumbnail_url": "https://images.genius.com/d9ef02454ce461d44ab828cc8e9a6061.300x300x1.jpg",
 "cover_art_url": "https://images.genius.com/d9ef02454ce461d44ab828cc8e9a6061.1000x1000x1.jpg",
 "full_title": "In Utero by Nirvana",
 "id": 12458,
 "name": "In Utero",
 "name_with_artist": "In Utero (artist: Nirvana)",
 "release_date_components": {
  "year": 1993,
  "month": 9,
  "day": 13
 },
 "release_date_for_display": "September 13, 1993",
 "url": "https://genius.com/albums/Nirvana/In-utero",
 "artist": {
  "_type": "artist",
  "api_path": "/artists/12712",
  "header_image_url": "https://images.genius.com/21582890ee8ccaf088aeff7aeb1d9d78.728x455x1.jpg",
  "id": 12712,
  "image_url": "https://images.genius.com/19be845aaf0127cef4c745bb333b3516.600x600x1.jpg",
  "index_character": "n",
  "is_meme_verified": false,
  "is_verified": false,
  "name": "Nirvana",
  "slug": "Nirvana",
  "url": "https://genius.com/artists/Nirvana"
 },
 "tracks": [
  {
   "number": 1,
   "song": {
    "_type": "song",
    "annotation_count": 8,
    "api_path": "/songs/56432",
    "artist_names": "Nirvana",
    "full_title": "Serve the Servants by\u00a0Nirvana",
    "header_image_thumbnail_url": "https://images.genius.com/0075e31cbf0a03548aecfb003221819e.260x384x1.jpg",
    "header_image_url": "https://images.genius.com/0075e31cbf0a03548aecfb003221819e.260x384x1.jpg",
    "id": 56432,
    "instrumental": false,
    "language": "en",
    "lyrics_owner_id": 29141,
    "lyrics_state": "complete",
    "lyrics_updated_at": 1666696833,
    "path": "/Nirvana-serve-the-servants-lyrics",
    "pyongs_count": 30,
    "relationships_index_url": "https://genius.com/Nirvana-serve-the-servants-sample",
    "release_date_components": {
     "year": 1993,
     "month": 9,
     "day": 21
    },
    "release_date_for_display": "September 21, 1993",
    "release_date_with_abbreviated_month_for_display": "Sep. 21, 1993",
    "song_art_image_thumbnail_url": "https://images.genius.com/0075e31cbf0a03548aecfb003221819e.260x384x1.jpg",
    "song_art_image_url": "https://images.genius.com/0075e31cbf0a03548aecfb003221819e.260x384x1.jpg",
    "stats": {
     "unreviewed_annotations": 2,
     "hot": false,
     "pageviews": 203161
    },
    "title": "Serve the Servants",
    "title_with_featured": "Serve the Servants",
    "updated_by_human_at": 1682373406,
    "url": "https://genius.com/Nirvana-serve-the-servants-lyrics",
    "featured_artists": [],
    "primary_artist": {
     "_type": "artist",
     "api_path": "/artists/12712",
     "header_image_url": "https://images.genius.com/21582890ee8ccaf088aeff7aeb1d9d78.728x455x1.jpg",
     "id": 12712,
     "image_url": "https://images.genius.com/19be845aaf0127cef4c745bb333b3516.600x600x1.jpg",
     "index_character": "n",
     "is_meme_verified": false,
     "is_verified": false,
     "name": "Nirvana",
     "slug": "Nirvana",
     "url": "https://genius.com/artists/Nirvana"
    },
    "artist": "Nirvana",
    "lyrics": "62 ContributorsTranslationsPortugu\u00easServe the Servants Lyrics[Verse 1]\nTeenage angst has paid off well\nNow, I'm bored and old\nSelf-appointed judges judge\nMore than they have sold\nIf she floats then she is not\nA witch like we've thought\nA downpayment on another\nOne at Salem's lot\n\n[Chorus]\nServe the servants, oh no\nServe the servants, oh no\nServe the servants, oh no\nServe the servants\nThat legendary divorce is such a bore\n\n[Verse 2]\nAs my bones grew they did hurt\nThey hurt really bad\nI tried hard to have a father\nBut instead, I had a dad\nI just want you to know that I\nDon't hate you anymore\nThere is nothing I could say\nThat I haven't thought before\nYou might also like[Chorus]\nServe the servants, oh no\nServe the servants, oh no\nServe the servants, oh no\nServe the servants\nThat legendary divorce is such a bore\n\n[Guitar Solo]\n\n[Chorus]\nServe the servants, oh no\nServe the servants, oh no\nServe the servants, oh no\nServe the servants, oh no\nServe the servants, oh no\nServe the servants, oh no\nServe the servants\nThat legendary divorce is such a bore30Embed"
   }
  },
  {
   "number": 2,
   "song": {
    "_type": "song",
    "annotation_count": 9,
    "api_path": "/songs/75232",
    "artist_names": "Nirvana",
    "full_title": "Scentless Apprentice by\u00a0Nirvana",
    "header_image_thumbnail_url": "https://images.genius.com/d9ef02454ce461d44ab828cc8e9a6061.300x300x1.jpg",
    "header_image_url": "https://images.genius.com/d9ef02454ce461d44ab828cc8e9a6061.1000x1000x1.jpg",
    "id": 75232,
    "instrumental": false,
    "language": "en",
    "lyrics_owner_id": 48951,
    "lyrics_state": "complete",
    "lyrics_updated_at": 1662574340,
    "path": "/Nirvana-scentless-apprentice-lyrics",
    "pyongs_count": 22,
    "relationships_index_url": "https://genius.com/Nirvana-scentless-apprentice-sample",
    "release_date_components": {
     "year": 1993,
     "month": 9,
     "day": 21
    },
    "release_date_for_display": "September 21, 1993",
    "release_date_with_abbreviated_month_for_display": "Sep. 21, 1993",
    "song_art_image_thumbnail_url": "https://images.genius.com/d9ef02454ce461d44ab828cc8e9a6061.300x300x1.jpg",
    "song_art_image_url": "https://images.genius.com/d9ef02454ce461d44ab828cc8e9a6061.1000x1000x1.jpg",
    "stats": {
     "unreviewed_annotations": 4,
     "hot": false,
     "pageviews": 147542
    },
    "title": "Scentless Apprentice",
    "title_with_featured": "Scentless Apprentice",
    "updated_by_human_at": 1662574340,
    "url": "https://genius.com/Nirvana-scentless-apprentice-lyrics",
    "featured_artists": [],
    "primary_artist": {
     "_type": "artist",
     "api_path": "/artists/12712",
     "header_image_url": "https://images.genius.com/21582890ee8ccaf088aeff7aeb1d9d78.728x455x1.jpg",
     "id": 12712,
     "image_url": "https://images.genius.com/19be845aaf0127cef4c745bb333b3516.600x600x1.jpg",
     "index_character": "n",
     "is_meme_verified": false,
     "is_verified": false,
     "name": "Nirvana",
     "slug": "Nirvana",
     "url": "https://genius.com/artists/Nirvana"
    },
    "artist": "Nirvana",
    "lyrics": "59 ContributorsTranslationsPortugu\u00easScentless Apprentice Lyrics[Verse 1]\nLike most babies smell like butter\nHis smell smelled like no other\nHe was born scentless and senseless\nHe was born a scentless apprentice\n\n[Chorus]\nHey, away\nGo away\nGo away\n\n[Verse 2]\nEvery wet nurse refused to feed him\nElectrolytes smell like semen\nI promise not to sell your perfumed secrets\nThere are countless formulas for pressing flowers\n\n[Chorus]\nHey, away\nGo away\nGo away\n\n[Guitar Solo]\n\n[Verse 3]\nI lie in the soil and fertilize mushrooms\nLeaking out gas fumes are made into perfume\nYou can't fire me 'cause I quit\nThrow me in the fire and I won't throw a fit\nYou might also like[Chorus]\nHey, away\nGo away\nGo away\nGo away\nGo away\nGo away22Embed"
   }
  },
  {
   "number": 3,
   "song": {
    "_type": "song",
    "annotation_count": 11,
    "api_path": "/songs/62555",
    "artist_names": "Nirvana",
    "full_title": "Heart-Shaped Box by\u00a0Nirvana",
    "header_image_thumbnail_url": "https://images.genius.com/8d86b37becd527f7ab8d8fc7de94ce25.300x300x1.jpg",
    "header_image_url": "https://images.genius.com/8d86b37becd527f7ab8d8fc7de94ce25.1000x1000x1.jpg",
    "id": 62555,
    "instrumental": false,
    "language": "en",
    "lyrics_owner_id": 53967,
    "lyrics_state": "complete",
    "lyrics_updated_at": 1675073645,
    "path": "/Nirvana-heart-shaped-box-lyrics",
    "pyongs_count": 145,
    "relationships_index_url": "https://genius.com/Nirvana-heart-shaped-box-sample",
    "release_date_components": {
     "year": 1993,
     "month": 8,
     "day": 30
    },
    "release_date_for_display": "August 30, 1993",
    "release_date_with_abbreviated_month_for_display": "Aug. 30, 1993",
    "song_art_image_thumbnail_url": "https://images.genius.com/6566c428c2903179cf16ea9dc4426ee7.300x300x1.jpg",
    "song_art_image_url": "https://images.genius.com/6566c428c2903179cf16ea9dc4426ee7.711x711x1.jpg",
    "stats": {
     "unreviewed_annotations": 2,
     "concurrents": 2,
     "hot": false,
     "pageviews": 1086933
    },
    "title": "Heart-Shaped Box",
    "title_with_featured": "Heart-Shaped Box",
    "updated_by_human_at": 1675073645,
    "url": "https://genius.com/Nirvana-heart-shaped-box-lyrics",
    "featured_artists": [],
    "primary_artist": {
     "_type": "artist",
     "api_path": "/artists/12712",
     "header_image_url": "https://images.genius.com/21582890ee8ccaf088aeff7aeb1d9d78.728x455x1.jpg",
     "id": 12712,
     "image_url": "https://images.genius.com/19be845aaf0127cef4c745bb333b3516.600x600x1.jpg",
     "index_character": "n",
     "is_meme_verified": false,
     "is_verified": false,
     "name": "Nirvana",
     "slug": "Nirvana",
     "url": "https://genius.com/artists/Nirvana"
    },
    "artist": "Nirvana",
    "lyrics": "136 ContributorsTranslationsPortugu\u00eas\u0420\u0443\u0441\u0441\u043a\u0438\u0439Heart-Shaped Box Lyrics[Verse 1]\nShe eyes me like a Pisces when I am weak\nI've been locked inside your heart-shaped box for weeks\nI've been drawn into your magnet tar pit trap\nI wish I could eat your cancer when you turn black\n\n[Chorus]\nHey! Wait! I got a new complaint\nForever in debt to your priceless advice\nHey! Wait! I got a new complaint\nForever in debt to your priceless advice\nHey! Wait! I got a new complaint\nForever in debt to your priceless advice\nYour advice\n\n[Verse 2]\nMeat-eating orchids forgive no one just yet\nCut myself on angel hair and baby's breath\nBroken hymen of 'Your Highness', I'm left black\nThrow down your umbilical noose so I can climb right back\n\n[Chorus]\nHey! Wait! I got a new complaint\nForever in debt to your priceless advice\nHey! Wait! I got a new complaint\nForever in debt to your priceless advice\nHey! Wait! I got a new complaint\nForever in debt to your priceless advice\nYour advice\nYou might also like[Guitar Solo]\n\n[Verse 3]\nShe eyes me like a Pisces when I am weak\nI've been locked inside your heart-shaped box for weeks\nI've been drawn into your magnet tar pit trap\nI wish I could eat your cancer when you turn black\n\n[Chorus]\nHey! Wait! I got a new complaint\nForever in debt to your priceless advice\nHey! Wait! I got a new complaint\nForever in debt to your priceless advice\nHey! Wait! I got a new complaint\nForever in debt to your priceless advice\nYour advice\nYour advice\nYour advice145Embed"
   }
  },
  {
   "number": 4,
   "song": {
    "_type": "song",
    "annotation_count": 11,
    "api_path": "/songs/61499",
    "artist_names": "Nirvana",
    "full_title": "Rape Me by\u00a0Nirvana",
    "header_image_thumbnail_url": "https://images.genius.com/8d86b37becd527f7ab8d8fc7de94ce25.300x300x1.jpg",
    "header_image_url": "https://images.genius.com/8d86b37becd527f7ab8d8fc7de94ce25.1000x1000x1.jpg",
    "id": 61499,
    "instrumental": false,
    "language": "en",
    "lyrics_owner_id": 56809,
    "lyrics_state": "complete",
    "lyrics_updated_at": 1684861923,
    "path": "/Nirvana-rape-me-lyrics",
    "pyongs_count": 63,
    "relationships_index_url": "https://genius.com/Nirvana-rape-me-sample",
    "release_date_components": {
     "year": 1993,
     "month": 9,
     "day": 13
    },
    "release_date_for_display": "September 13, 1993",
    "release_date_with_abbreviated_month_for_display": "Sep. 13, 1993",
    "song_art_image_thumbnail_url": "https://images.genius.com/bcdcd4c4de35d952409512c5007409b2.300x300x1.png",
    "song_art_image_url": "https://images.genius.com/bcdcd4c4de35d952409512c5007409b2.600x600x1.png",
    "stats": {
     "unreviewed_annotations": 4,
     "hot": false,
     "pageviews": 651519
    },
    "title": "Rape Me",
    "title_with_featured": "Rape Me",
    "updated_by_human_at": 1684861923,
    "url": "https://genius.com/Nirvana-rape-me-lyrics",
    "featured_artists": [],
    "primary_artist": {
     "_type": "artist",
     "api_path": "/artists/12712",
     "header_image_url": "https://images.genius.com/21582890ee8ccaf088aeff7aeb1d9d78.728x455x1.jpg",
     "id": 12712,
     "image_url": "https://images.genius.com/19be845aaf0127cef4c745bb333b3516.600x600x1.jpg",
     "index_character": "n",
     "is_meme_verified": false,
     "is_verified": false,
     "name": "Nirvana",
     "slug": "Nirvana",
     "url": "https://genius.com/artists/Nirvana"
    },
    "artist": "Nirvana",
    "lyrics": "117 ContributorsTranslations\u0420\u0443\u0441\u0441\u043a\u0438\u0439Portugu\u00easRape Me Lyrics[Pre-Chorus]\nRape me\nRape me, my friend\nRape me\nRape me again\n\n[Chorus]\nI'm not the only one, ah-ah\nI'm not the only one, ah-ah\nI'm not the only one, ah-ah\nI'm not the only one\n\n[Verse 1]\nHate me\nDo it and do it again\nWaste me\nRape me, my friend\n\n[Chorus]\nI'm not the only one, ah-ah\nI'm not the only one, ah-ah\nI'm not the only one, ah-ah\nI'm not the only one\n\n[Verse 2]\nMy favorite inside source\nI'll kiss your open sores\nI appreciate your concern\nYou're gonna stink and burn\nYou might also like[Pre-Chorus]\nRape me\nRape me, my friend\nRape me\nRape me again\n\n[Chorus]\nI'm not the only one, ah-ah\nI'm not the only one, ah-ah\nI'm not the only one, ah-ah\nI'm not the only one\n\n[Outro]\nRape me! (Rape me!)\nRape me! (Rape me!)\nRape me! (Rape me!)\nRape me! (Rape me!)\nRape me! (Rape me!)\nRape me! (Rape me!)\nRape me!63Embed"
   }
  },
  {
   "number": 5,
   "song": {
    "_type": "song",
    "annotation_count": 4,
    "api_path": "/songs/75233",
    "artist_names": "Nirvana",
    "full_title": "Frances Farmer Will Have Her Revenge on Seattle by\u00a0Nirvana",
    "header_image_thumbnail_url": "https://images.genius.com/d9ef02454ce461d44ab828cc8e9a6061.300x300x1.jpg",
    "header_image_url": "https://images.genius.com/d9ef02454ce461d44ab828cc8e9a6061.1000x1000x1.jpg",
    "id": 75233,
    "instrumental": false,
    "language": "en",
    "lyrics_owner_id": 48951,
    "lyrics_state": "complete",
    "lyrics_updated_at": 1674183811,
    "path": "/Nirvana-frances-farmer-will-have-her-revenge-on-seattle-lyrics",
    "pyongs_count": 33,
    "relationships_index_url": "https://genius.com/Nirvana-frances-farmer-will-have-her-revenge-on-seattle-sample",
    "release_date_components": {
     "year": 1993,
     "month": 9,
     "day": 21
    },
    "release_date_for_display": "September 21, 1993",
    "release_date_with_abbreviated_month_for_display": "Sep. 21, 1993",
    "song_art_image_thumbnail_url": "https://images.genius.com/d9ef02454ce461d44ab828cc8e9a6061.300x300x1.jpg",
    "song_art_image_url": "https://images.genius.com/d9ef02454ce461d44ab828cc8e9a6061.1000x1000x1.jpg",
    "stats": {
     "unreviewed_annotations": 1,
     "hot": false,
     "pageviews": 211376
    },
    "title": "Frances Farmer Will Have Her Revenge on Seattle",
    "title_with_featured": "Frances Farmer Will Have Her Revenge on Seattle",
    "updated_by_human_at": 1686630200,
    "url": "https://genius.com/Nirvana-frances-farmer-will-have-her-revenge-on-seattle-lyrics",
    "featured_artists": [],
    "primary_artist": {
     "_type": "artist",
     "api_path": "/artists/12712",
     "header_image_url": "https://images.genius.com/21582890ee8ccaf088aeff7aeb1d9d78.728x455x1.jpg",
     "id": 12712,
     "image_url": "https://images.genius.com/19be845aaf0127cef4c745bb333b3516.600x600x1.jpg",
     "index_character": "n",
     "is_meme_verified": false,
     "is_verified": false,
     "name": "Nirvana",
     "slug": "Nirvana",
     "url": "https://genius.com/artists/Nirvana"
    },
    "artist": "Nirvana",
    "lyrics": "53 ContributorsFrances Farmer Will Have Her Revenge on Seattle Lyrics[Verse 1]\nIt's so relieving to know that you're leaving\nAs soon as you get paid\nIt's so relaxing to hear that you're asking\nWhenever you get your way\nIt's so soothing to know that you'll sue me\nStarting to sound the same\n\n[Chorus]\nI miss the comfort in being sad\nI miss the comfort in being sad\nI miss the comfort in being sad\n\n[Verse 2]\nIn her false witness, hope you're still with us\nTo see if they float or drown\nOur favorite patient, a display of patience\nDisease-covered Puget Sound\nShe'll come back as fire to burn all the liars\nLeave a blanket of ash on the ground\n\n[Chorus]\nI miss the comfort in being sad\nI miss the comfort in being sad\nI miss the comfort in being sad\nYou might also like[Guitar Solo]\n\n[Verse 3]\nIt's so relieving to know that you're leaving\nAs soon as you get paid\nIt's so relaxing to know that you're asking\nWherever you get your way\nIt's so soothing to know that you'll sue me\nIt's starting to sound the same\n\n[Chorus]\nI miss the comfort in being sad\nI miss the comfort in being sad\nI miss the comfort in being sad33Embed"
   }
  },
  {
   "number": 6,
   "song": {
    "_type": "song",
    "annotation_count": 17,
    "api_path": "/songs/69941",
    "artist_names": "Nirvana",
    "full_title": "Dumb by\u00a0Nirvana",
    "header_image_thumbnail_url": "https://images.genius.com/d9ef02454ce461d44ab828cc8e9a6061.300x300x1.jpg",
    "header_image_url": "https://images.genius.com/d9ef02454ce461d44ab828cc8e9a6061.1000x1000x1.jpg",
    "id": 69941,
    "instrumental": false,
    "language": "en",
    "lyrics_owner_id": 554585,
    "lyrics_state": "complete",
    "lyrics_updated_at": 1685605330,
    "path": "/Nirvana-dumb-lyrics",
    "pyongs_count": 58,
    "relationships_index_url": "https://genius.com/Nirvana-dumb-sample",
    "release_date_components": {
     "year": 1993,
     "month": 9,
     "day": 21
    },
    "release_date_for_display": "September 21, 1993",
    "release_date_with_abbreviated_month_for_display": "Sep. 21, 1993",
    "song_art_image_thumbnail_url": "https://images.genius.com/d9ef02454ce461d44ab828cc8e9a6061.300x300x1.jpg",
    "song_art_image_url": "https://images.genius.com/d9ef02454ce461d44ab828cc8e9a6061.1000x1000x1.jpg",
    "stats": {
     "unreviewed_annotations": 8,
     "hot": false,
     "pageviews": 415649
    },
    "title": "Dumb",
    "title_with_featured": "Dumb",
    "updated_by_human_at": 1685605330,
    "url": "https://genius.com/Nirvana-dumb-lyrics",
    "featured_artists": [],
    "primary_artist": {
     "_type": "artist",
     "api_path": "/artists/12712",
     "header_image_url": "https://images.genius.com/21582890ee8ccaf088aeff7aeb1d9d78.728x455x1.jpg",
     "id": 12712,
     "image_url": "https://images.genius.com/19be845aaf0127cef4c745bb333b3516.600x600x1.jpg",
     "index_character": "n",
     "is_meme_verified": false,
     "is_verified": false,
     "name": "Nirvana",
     "slug": "Nirvana",
     "url": "https://genius.com/artists/Nirvana"
    },
    "artist": "Nirvana",
    "lyrics": "75 ContributorsTranslations\u0420\u0443\u0441\u0441\u043a\u0438\u0439Dumb Lyrics[Verse 1]\nI'm not like them\nBut I can pretend\nThe sun is gone\nBut I have a light\nThe day is done\nBut I'm having fun\nI think I'm dumb\n[Chorus 1]\nOr maybe just happy\nThink I'm just happy\nThink I'm just happy\nThink I'm just happy\n\n[Verse 2]\nMy heart is broke\nBut I have some glue\nHelp me inhale\nAnd mend it with you\nWe'll float around\nAnd hang out on clouds\nThen we'll come down\n[Chorus 2]\nAnd have a hangover\nHave a hangover\nHave a hangover\nHave a hangover\nYou might also like[Bridge]\nSkin the sun, fall asleep\nWish away, the soul is cheap\nLesson learned, wish me luck\nSoothing burn, wake me up\n\n[Verse 3]\nI'm not like them\nBut I can pretend\nThe sun is gone\nBut I have a light\nThe day is done\nBut I'm having fun\nI think I'm dumb\n[Chorus 1]\nOr maybe just happy\nThink I'm just happy\nThink I'm just happy\nThink I'm just happy\n\n[Outro]\nI think I'm dumb\nI think I'm dumb\nI think I'm dumb\nI think I'm dumb\nI think I'm dumb\nI think I'm dumb\nI think I'm dumb\nI think I'm dumb\nI think I'm dumb\nI think I'm dumb\nI think I'm dumb\nI think I'm dumb58Embed"
   }
  },
  {
   "number": 7,
   "song": {
    "_type": "song",
    "annotation_count": 8,
    "api_path": "/songs/75235",
    "artist_names": "Nirvana",
    "full_title": "Very Ape by\u00a0Nirvana",
    "header_image_thumbnail_url": "https://images.genius.com/d9ef02454ce461d44ab828cc8e9a6061.300x300x1.jpg",
    "header_image_url": "https://images.genius.com/d9ef02454ce461d44ab828cc8e9a6061.1000x1000x1.jpg",
    "id": 75235,
    "instrumental": false,
    "language": "en",
    "lyrics_owner_id": 48951,
    "lyrics_state": "complete",
    "lyrics_updated_at": 1682376881,
    "path": "/Nirvana-very-ape-lyrics",
    "pyongs_count": 26,
    "relationships_index_url": "https://genius.com/Nirvana-very-ape-sample",
    "release_date_components": {
     "year": 1993,
     "month": 9,
     "day": 21
    },
    "release_date_for_display": "September 21, 1993",
    "release_date_with_abbreviated_month_for_display": "Sep. 21, 1993",
    "song_art_image_thumbnail_url": "https://images.genius.com/d9ef02454ce461d44ab828cc8e9a6061.300x300x1.jpg",
    "song_art_image_url": "https://images.genius.com/d9ef02454ce461d44ab828cc8e9a6061.1000x1000x1.jpg",
    "stats": {
     "unreviewed_annotations": 4,
     "hot": false,
     "pageviews": 110090
    },
    "title": "Very Ape",
    "title_with_featured": "Very Ape",
    "updated_by_human_at": 1682376881,
    "url": "https://genius.com/Nirvana-very-ape-lyrics",
    "featured_artists": [],
    "primary_artist": {
     "_type": "artist",
     "api_path": "/artists/12712",
     "header_image_url": "https://images.genius.com/21582890ee8ccaf088aeff7aeb1d9d78.728x455x1.jpg",
     "id": 12712,
     "image_url": "https://images.genius.com/19be845aaf0127cef4c745bb333b3516.600x600x1.jpg",
     "index_character": "n",
     "is_meme_verified": false,
     "is_verified": false,
     "name": "Nirvana",
     "slug": "Nirvana",
     "url": "https://genius.com/artists/Nirvana"
    },
    "artist": "Nirvana",
    "lyrics": "44 ContributorsVery Ape Lyrics[Verse 1]\nI am buried up to my neck in\nContradictionary flies\nI take pride as the king of illiterature\nI'm very ape and very nice\n\n[Verse 2]\nIf you ever need anything please don't\nHesitate to ask someone else first\nI'm too busy acting like I'm not na\u00efve\nI've seen it all, I was here first\n\n[Chorus]\nOut of the ground\nInto the sky\nOut of the sky\nInto the dirt\n\n[Verse 3]\nIf you ever need anything please don't\nHesitate to ask someone else first\nI'm too busy acting like I'm not na\u00efve\nI've seen it all, I was here first\n\n[Chorus]\nOut of the ground\nInto the sky\nOut of the sky\nInto the ground\nOut of the ground\nInto the sky\nOut of the sky\nInto the dirtYou might also like26Embed"
   }
  },
  {
   "number": 8,
   "song": {
    "_type": "song",
    "annotation_count": 17,
    "api_path": "/songs/77614",
    "artist_names": "Nirvana",
    "full_title": "Milk It by\u00a0Nirvana",
    "header_image_thumbnail_url": "https://images.genius.com/d9ef02454ce461d44ab828cc8e9a6061.300x300x1.jpg",
    "header_image_url": "https://images.genius.com/d9ef02454ce461d44ab828cc8e9a6061.1000x1000x1.jpg",
    "id": 77614,
    "instrumental": false,
    "language": "en",
    "lyrics_owner_id": 58908,
    "lyrics_state": "complete",
    "lyrics_updated_at": 1685746186,
    "path": "/Nirvana-milk-it-lyrics",
    "pyongs_count": 26,
    "relationships_index_url": "https://genius.com/Nirvana-milk-it-sample",
    "release_date_components": {
     "year": 1993,
     "month": 9,
     "day": 21
    },
    "release_date_for_display": "September 21, 1993",
    "release_date_with_abbreviated_month_for_display": "Sep. 21, 1993",
    "song_art_image_thumbnail_url": "https://images.genius.com/d9ef02454ce461d44ab828cc8e9a6061.300x300x1.jpg",
    "song_art_image_url": "https://images.genius.com/d9ef02454ce461d44ab828cc8e9a6061.1000x1000x1.jpg",
    "stats": {
     "unreviewed_annotations": 11,
     "hot": false,
     "pageviews": 163058
    },
    "title": "Milk It",
    "title_with_featured": "Milk It",
    "updated_by_human_at": 1685746186,
    "url": "https://genius.com/Nirvana-milk-it-lyrics",
    "featured_artists": [],
    "primary_artist": {
     "_type": "artist",
     "api_path": "/artists/12712",
     "header_image_url": "https://images.genius.com/21582890ee8ccaf088aeff7aeb1d9d78.728x455x1.jpg",
     "id": 12712,
     "image_url": "https://images.genius.com/19be845aaf0127cef4c745bb333b3516.600x600x1.jpg",
     "index_character": "n",
     "is_meme_verified": false,
     "is_verified": false,
     "name": "Nirvana",
     "slug": "Nirvana",
     "url": "https://genius.com/artists/Nirvana"
    },
    "artist": "Nirvana",
    "lyrics": "84 ContributorsMilk It Lyrics[Guitar Solo Intro]\n\n[Verse 1]\nI am my own parasite\nI don't need a host to live\nWe feed off of each other\nWe can share our endorphins\n\n[Pre-Chorus]\nDoll steak\nTest meat\n\n[Chorus]\nLook on the bright side, suicide\nLost eyesight I'm on your side\nAngel left wing, right wing, broken wing\nLack of iron and/or sleeping\n\n[Verse 2]\nI own my own pet virus\nI get to pet and name her\nHer milk is my shit\nMy shit is her milk\n\n[Pre-Chorus]\nTest meat\nDoll steak\nYou might also like[Chorus]\nLook on the bright side, suicide\nLost eyesight I'm on your side\nAngel left wing, right wing, broken wing\nLack of iron and/or sleeping\n\n[Guitar Solo]\n\n[Pre-Chorus]\nDoll steak\nTest meat\n\n[Chorus]\nLook on the bright side, suicide\nLost eyesight I'm on your side\nAngel left wing, right wing, broken wing\nLack of iron and/or sleeping\n\n[Outro]\nProtector of the kennel\nEcto-plasma, ecto-skeletal\nObituary birthday\nYour scent is still here in my place of recovery26Embed"
   }
  },
  {
   "number": 9,
   "song": {
    "_type": "song",
    "annotation_count": 7,
    "api_path": "/songs/62557",
    "artist_names": "Nirvana",
    "full_title": "Pennyroyal Tea by\u00a0Nirvana",
    "header_image_thumbnail_url": "https://images.genius.com/8d86b37becd527f7ab8d8fc7de94ce25.300x300x1.jpg",
    "header_image_url": "https://images.genius.com/8d86b37becd527f7ab8d8fc7de94ce25.1000x1000x1.jpg",
    "id": 62557,
    "instrumental": false,
    "language": "en",
    "lyrics_owner_id": 53967,
    "lyrics_state": "complete",
    "lyrics_updated_at": 1682378510,
    "path": "/Nirvana-pennyroyal-tea-lyrics",
    "pyongs_count": 43,
    "relationships_index_url": "https://genius.com/Nirvana-pennyroyal-tea-sample",
    "release_date_components": {
     "year": 1993,
     "month": 9,
     "day": 21
    },
    "release_date_for_display": "September 21, 1993",
    "release_date_with_abbreviated_month_for_display": "Sep. 21, 1993",
    "song_art_image_thumbnail_url": "https://images.genius.com/9813ec46b666e47b8e32c5617d31dd82.300x300x1.jpg",
    "song_art_image_url": "https://images.genius.com/9813ec46b666e47b8e32c5617d31dd82.1000x1000x1.jpg",
    "stats": {
     "unreviewed_annotations": 0,
     "hot": false,
     "pageviews": 276596
    },
    "title": "Pennyroyal Tea",
    "title_with_featured": "Pennyroyal Tea",
    "updated_by_human_at": 1682378510,
    "url": "https://genius.com/Nirvana-pennyroyal-tea-lyrics",
    "featured_artists": [],
    "primary_artist": {
     "_type": "artist",
     "api_path": "/artists/12712",
     "header_image_url": "https://images.genius.com/21582890ee8ccaf088aeff7aeb1d9d78.728x455x1.jpg",
     "id": 12712,
     "image_url": "https://images.genius.com/19be845aaf0127cef4c745bb333b3516.600x600x1.jpg",
     "index_character": "n",
     "is_meme_verified": false,
     "is_verified": false,
     "name": "Nirvana",
     "slug": "Nirvana",
     "url": "https://genius.com/artists/Nirvana"
    },
    "artist": "Nirvana",
    "lyrics": "75 ContributorsPennyroyal Tea Lyrics[Verse 1]\nI'm on my time with everyone\nI have very bad posture\n\n[Chorus 1]\nSit and drink Pennyroyal Tea\nDistill the life that's inside of me\nSit and drink Pennyroyal Tea\nI'm anemic royalty\n\n[Verse 2]\nGive me a Leonard Cohen afterworld\nSo I can sigh eternally\n\n[Chorus 2]\nI'm so tired, I can't sleep\nI'm a liar and a thief\nSit and drink Pennyroyal tea\nI'm anemic royalty\n\n[Guitar Solo]\n\n[Verse 3]\nI'm on warm milk and laxatives\nCherry-flavored antacids\nYou might also like[Chorus 1]\nSit and drink Pennyroyal Tea\nDistill the life that's inside of me\nSit and drink Pennyroyal Tea\nI'm anemic royalty\n\n[Outro]\nHa\nHa\nHa\nHa43Embed"
   }
  },
  {
   "number": 10,
   "song": {
    "_type": "song",
    "annotation_count": 15,
    "api_path": "/songs/182624",
    "artist_names": "Nirvana",
    "full_title": "Radio Friendly Unit Shifter by\u00a0Nirvana",
    "header_image_thumbnail_url": "https://images.genius.com/d9ef02454ce461d44ab828cc8e9a6061.300x300x1.jpg",
    "header_image_url": "https://images.genius.com/d9ef02454ce461d44ab828cc8e9a6061.1000x1000x1.jpg",
    "id": 182624,
    "instrumental": false,
    "language": "en",
    "lyrics_owner_id": 130983,
    "lyrics_state": "complete",
    "lyrics_updated_at": 1674185229,
    "path": "/Nirvana-radio-friendly-unit-shifter-lyrics",
    "pyongs_count": 12,
    "relationships_index_url": "https://genius.com/Nirvana-radio-friendly-unit-shifter-sample",
    "release_date_components": {
     "year": 1993,
     "month": 9,
     "day": 21
    },
    "release_date_for_display": "September 21, 1993",
    "release_date_with_abbreviated_month_for_display": "Sep. 21, 1993",
    "song_art_image_thumbnail_url": "https://images.genius.com/d9ef02454ce461d44ab828cc8e9a6061.300x300x1.jpg",
    "song_art_image_url": "https://images.genius.com/d9ef02454ce461d44ab828cc8e9a6061.1000x1000x1.jpg",
    "stats": {
     "unreviewed_annotations": 9,
     "hot": false,
     "pageviews": 108238
    },
    "title": "Radio Friendly Unit Shifter",
    "title_with_featured": "Radio Friendly Unit Shifter",
    "updated_by_human_at": 1682379653,
    "url": "https://genius.com/Nirvana-radio-friendly-unit-shifter-lyrics",
    "featured_artists": [],
    "primary_artist": {
     "_type": "artist",
     "api_path": "/artists/12712",
     "header_image_url": "https://images.genius.com/21582890ee8ccaf088aeff7aeb1d9d78.728x455x1.jpg",
     "id": 12712,
     "image_url": "https://images.genius.com/19be845aaf0127cef4c745bb333b3516.600x600x1.jpg",
     "index_character": "n",
     "is_meme_verified": false,
     "is_verified": false,
     "name": "Nirvana",
     "slug": "Nirvana",
     "url": "https://genius.com/artists/Nirvana"
    },
    "artist": "Nirvana",
    "lyrics": "56 ContributorsRadio Friendly Unit Shifter Lyrics[Intro]\n(Mmm)\nWhat's your name?\nDo you like me?\n\n[Verse 1]\nUse just once and destroy\nInvasion of our piracy\nAfterbirth of a nation\nStarve without your skeleton key\n\n[Pre-Chorus 1]\nI love you for what I am not\nI do not want what I have got\nA blanket acne'ed with cigarette burns\nSpeak at once while taking turns\n\n[Chorus]\nWhat is what I need?\nWhat is wrong with me?\nWhat is what I need?\n\n[Verse 2]\nNothing to do with what you think\nIf you ever think at all\nBi-polar opposites attract\nAll of a sudden my water broke\nYou might also like[Pre-Chorus 2]\nI love you for what I am not\nI do not want what I have got\nA blanket acne'ed with cigarette burns\nSecond-rate third degree burns\n\n[Chorus]\nWhat is what I need?\nWhat is wrong with me?\nWhat do I think I think?\n\n[Bridge]\nHate your enemies\nSave, save your friends\nFind, find your place\nSpeak, speak the truth\n\n[Chorus]\nWhat is what I need?\nWhat is wrong with me?\nWhat is what I need?\nWhat do I think I think?\n\n[Guitar Solo]\n\n[Verse 3]\nUse just once and destroy\nInvasion of our piracy\nAfterbirth of a nation\nStarve without your skeleton key\n[Chorus]\nWhat is wrong with me?\nWhat is what I need?\nWhat is what I need?\nWhat do I think I think?\nWhat is wrong with me?\nWhat is what I need?\nWhat is wrong with me?\nWhat do I think I think?\n\n[Guitar Solo Outro]12Embed"
   }
  },
  {
   "number": 11,
   "song": {
    "_type": "song",
    "annotation_count": 2,
    "api_path": "/songs/77616",
    "artist_names": "Nirvana",
    "full_title": "\u200bTourette\u2019s by\u00a0Nirvana",
    "header_image_thumbnail_url": "https://images.genius.com/d9ef02454ce461d44ab828cc8e9a6061.300x300x1.jpg",
    "header_image_url": "https://images.genius.com/d9ef02454ce461d44ab828cc8e9a6061.1000x1000x1.jpg",
    "id": 77616,
    "instrumental": false,
    "language": "en",
    "lyrics_owner_id": 58908,
    "lyrics_state": "complete",
    "lyrics_updated_at": 1682956870,
    "path": "/Nirvana-tourettes-lyrics",
    "pyongs_count": 15,
    "relationships_index_url": "https://genius.com/Nirvana-tourettes-sample",
    "release_date_components": {
     "year": 1993,
     "month": 9,
     "day": 21
    },
    "release_date_for_display": "September 21, 1993",
    "release_date_with_abbreviated_month_for_display": "Sep. 21, 1993",
    "song_art_image_thumbnail_url": "https://images.genius.com/d9ef02454ce461d44ab828cc8e9a6061.300x300x1.jpg",
    "song_art_image_url": "https://images.genius.com/d9ef02454ce461d44ab828cc8e9a6061.1000x1000x1.jpg",
    "stats": {
     "unreviewed_annotations": 2,
     "hot": false,
     "pageviews": 109853
    },
    "title": "\u200bTourette\u2019s",
    "title_with_featured": "\u200bTourette\u2019s",
    "updated_by_human_at": 1682956870,
    "url": "https://genius.com/Nirvana-tourettes-lyrics",
    "featured_artists": [],
    "primary_artist": {
     "_type": "artist",
     "api_path": "/artists/12712",
     "header_image_url": "https://images.genius.com/21582890ee8ccaf088aeff7aeb1d9d78.728x455x1.jpg",
     "id": 12712,
     "image_url": "https://images.genius.com/19be845aaf0127cef4c745bb333b3516.600x600x1.jpg",
     "index_character": "n",
     "is_meme_verified": false,
     "is_verified": false,
     "name": "Nirvana",
     "slug": "Nirvana",
     "url": "https://genius.com/artists/Nirvana"
    },
    "artist": "Nirvana",
    "lyrics": "48 Contributors\u200bTourette\u2019s Lyrics[Intro]\n\"Moderate Rock\"\n\n[Verse 1]\nMayday, every day, mayday\nCould've had a heart attack, my heart\nWe don't know anything, my heart\nWe all want something fair, my heart\n\n[Interlude]\nHey\nHey\nHey!\nHey! Hey!\n\n[Verse 2]\nOut of town, out of sight, is my heart\nQueen of lies, not today, my heart\nOne more on the phone, my heart\nOne more at the door of my heart\n\n[Interlude]\nHey\nHey\nHey!\nYou might also like[Outro]\nMean heart\nCold heart\nCold heart\nCold heart\nCold heart\nCold heart\nCold heart\nCold heart15Embed"
   }
  },
  {
   "number": 12,
   "song": {
    "_type": "song",
    "annotation_count": 10,
    "api_path": "/songs/61597",
    "artist_names": "Nirvana",
    "full_title": "All Apologies by\u00a0Nirvana",
    "header_image_thumbnail_url": "https://images.genius.com/8d86b37becd527f7ab8d8fc7de94ce25.300x300x1.jpg",
    "header_image_url": "https://images.genius.com/8d86b37becd527f7ab8d8fc7de94ce25.1000x1000x1.jpg",
    "id": 61597,
    "instrumental": false,
    "language": "en",
    "lyrics_owner_id": 23695,
    "lyrics_state": "complete",
    "lyrics_updated_at": 1682380145,
    "path": "/Nirvana-all-apologies-lyrics",
    "pyongs_count": 64,
    "relationships_index_url": "https://genius.com/Nirvana-all-apologies-sample",
    "release_date_components": {
     "year": 1993,
     "month": 9,
     "day": 13
    },
    "release_date_for_display": "September 13, 1993",
    "release_date_with_abbreviated_month_for_display": "Sep. 13, 1993",
    "song_art_image_thumbnail_url": "https://images.genius.com/bcdcd4c4de35d952409512c5007409b2.300x300x1.png",
    "song_art_image_url": "https://images.genius.com/bcdcd4c4de35d952409512c5007409b2.600x600x1.png",
    "stats": {
     "unreviewed_annotations": 1,
     "hot": false,
     "pageviews": 571416
    },
    "title": "All Apologies",
    "title_with_featured": "All Apologies",
    "updated_by_human_at": 1682380583,
    "url": "https://genius.com/Nirvana-all-apologies-lyrics",
    "featured_artists": [],
    "primary_artist": {
     "_type": "artist",
     "api_path": "/artists/12712",
     "header_image_url": "https://images.genius.com/21582890ee8ccaf088aeff7aeb1d9d78.728x455x1.jpg",
     "id": 12712,
     "image_url": "https://images.genius.com/19be845aaf0127cef4c745bb333b3516.600x600x1.jpg",
     "index_character": "n",
     "is_meme_verified": false,
     "is_verified": false,
     "name": "Nirvana",
     "slug": "Nirvana",
     "url": "https://genius.com/artists/Nirvana"
    },
    "artist": "Nirvana",
    "lyrics": "134 ContributorsAll Apologies Lyrics[Verse 1]\nWhat else should I be? All apologies\nWhat else could I say? Everyone is gay\nWhat else could I write? I don't have the right\nWhat else should I be? All apologies\n\n[Chorus]\nIn the sun, in the sun, I feel as one\nIn the sun, in the sun\nMarried, buried\n\n[Verse 2]\nI wish I was like you, easily amused\nFind my nest of salt, everything's my fault\nI'll take all the blame, I'll proceed from shame\nSunburn, freezer burn, choking on the ashes of her enemy\n\n[Chorus]\nIn the sun, in the sun, I feel as one\nIn the sun, in the sun\nMarried, buried\nMarried, buried\nYeah, yeah, yeah, yeah\n\n[Outro: Kurt Cobain & Dave Grohl]\nAll in all is all we are\nAll in all is all we are\nAll in all is all we are\nAll in all is all we are\nAll in all is all we are\nAll in all is all we are\nAll in all is all we are\nAll in all is all we are\nAll in all is all we are\nAll in all is all we are\nAll in all is all we are\nAll in all is all we are\nAll in all is all we are\nAll in all is all we are\nAll in all is all we are\nAll in all is all we are\nAll in all is all we are\nAll in all is all we are\nAll in all is all we are\nAll in all is all we are\nAll in all is all we are\nAll in all is all we areYou might also like64Embed"
   }
  }
 ]
}